City_ID,City,Lat,Lng,Max Temp,Humidity,Cloudiness,Wind Speed,Country,Date
0,puerto natales,-51.7236,-72.4875,16.25,39,20,16.46,CL,1707164577
1,waitangi,-43.9535,-176.5597,19.34,88,98,2.68,NZ,1707164578
2,blackmans bay,-43.0167,147.3167,11.07,76,35,1.85,AU,1707164578
3,xilin hot,43.9667,116.0333,-14.89,96,98,2.24,CN,1707164578
4,tres lagoas,-20.7511,-51.6783,31.41,42,100,3.21,BR,1707164578
5,fortuna,40.5982,-124.1573,10.52,97,20,0.0,US,1707164579
6,iqaluit,63.7506,-68.5145,-19.06,77,100,1.03,CA,1707164579
7,grytviken,-54.2811,-36.5092,7.98,66,80,5.59,GS,1707164579
8,hawaiian paradise park,19.5933,-154.9731,20.02,94,100,4.12,US,1707164579
9,petropavlovsk-kamchatsky,53.0452,158.6483,-11.67,77,75,4.02,RU,1707164580
10,kudat,6.8837,116.8477,25.96,94,100,1.03,MY,1707164580
11,kodiak,57.79,-152.4072,1.73,80,0,0.0,US,1707164580
12,hasaki,35.7333,140.8333,2.94,72,100,10.05,JP,1707164529
13,la ronge,55.1001,-105.2842,-4.86,80,100,3.09,CA,1707164580
14,san patricio,28.017,-97.5169,19.05,52,77,8.07,US,1707164581
15,papatowai,-46.5619,169.4708,18.57,62,100,4.68,NZ,1707164581
16,guerrero negro,27.9769,-114.0611,19.33,51,88,3.14,MX,1707164581
17,ixtapa,20.7,-105.2,24.57,57,0,4.12,MX,1707164581
18,cockburn town,21.4612,-71.1419,25.58,81,0,7.77,TC,1707164582
19,puerto ayora,-0.7393,-90.3518,28.98,99,73,2.24,EC,1707164582
20,akonolinga,3.7667,12.25,23.57,32,53,0.11,CM,1707164582
21,talnakh,69.4865,88.3972,-22.07,89,92,2.12,RU,1707164583
22,bardai,11.65,7.2333,19.69,16,28,5.71,NG,1707164583
23,alice springs,-23.7,133.8833,24.75,40,100,6.17,AU,1707164307
24,yellowknife,62.456,-114.3525,-20.88,81,20,3.6,CA,1707164583
25,qaqortoq,60.7167,-46.0333,-20.41,69,0,2.53,GL,1707164584
26,anadyr,64.75,177.4833,-24.72,77,75,8.0,RU,1707164532
27,longyearbyen,78.2186,15.6401,-4.09,74,75,5.14,SJ,1707164538
28,thompson,55.7435,-97.8558,-1.91,100,100,1.54,CA,1707164584
29,adamstown,-25.066,-130.1015,23.83,84,100,8.13,PN,1707164585
30,selfoss,63.9331,-20.9971,-12.59,81,2,4.73,IS,1707164585
31,bac lieu,9.285,105.7244,24.68,87,12,3.41,VN,1707164585
32,invercargill,-46.4,168.35,21.12,66,100,4.47,NZ,1707164585
33,ilulissat,69.2167,-51.1,-20.99,65,20,4.63,GL,1707164585
34,farafangana,-22.8167,47.8333,23.95,87,100,4.7,MG,1707164586
35,edinburgh of the seven seas,-37.0676,-12.3116,15.81,63,2,1.97,SH,1707164586
36,trebujena,36.8725,-6.2165,13.99,82,0,0.0,ES,1707164586
37,estancia,-11.2683,-37.4383,28.33,67,74,4.0,BR,1707164587
38,merizo village,13.2658,144.6691,26.85,78,100,8.71,GU,1707164587
39,broome,42.2506,-75.833,5.95,61,0,4.02,US,1707164587
40,luis correia,-2.8792,-41.6669,31.0,62,0,9.77,BR,1707164587
41,blackwater,-23.5833,148.8833,23.16,76,13,2.64,AU,1707164588
42,stanley,54.868,-1.6985,10.77,79,75,8.75,GB,1707164588
43,puerto colombia,10.9878,-74.9547,33.05,77,47,6.24,CO,1707164588
44,ushuaia,-54.8,-68.3,14.81,41,0,7.2,AR,1707164588
45,crolles,45.282,5.8782,11.39,69,32,1.51,FR,1707164588
46,watsa,3.0372,29.5355,21.55,68,90,0.98,CD,1707164589
47,las khorey,11.1595,48.1967,25.13,80,98,1.34,SO,1707164589
48,island harbour,50.724,-1.2758,11.29,86,100,5.81,GB,1707164589
49,port elizabeth,-33.918,25.5701,21.29,93,100,2.57,ZA,1707164590
50,ta`u,-14.2336,-169.5144,28.23,79,81,3.06,AS,1707164590
51,weno,7.4515,151.8468,27.97,74,100,5.66,FM,1707164570
52,west island,-12.1568,96.8225,27.99,89,40,4.63,CC,1707164512
53,suining,30.508,105.5733,7.68,77,100,1.64,CN,1707164590
54,gadzhiyevo,69.2551,33.3362,-19.28,100,98,2.8,RU,1707164591
55,marsa alam,25.0757,34.8918,17.92,57,0,5.04,EG,1707164591
56,gubkinskiy,64.434,76.5026,-23.65,100,81,4.18,RU,1707164591
57,aral,40.5156,81.2636,-2.36,57,5,1.13,CN,1707164591
58,port-aux-francais,-49.35,70.2167,5.85,86,99,12.94,TF,1707164475
59,bethel,41.3712,-73.414,7.33,47,0,5.14,US,1707164358
60,isafjordur,66.0755,-23.124,-7.07,70,100,4.48,IS,1707164499
61,coulounieix,45.1529,0.6885,4.53,91,78,0.99,FR,1707164592
62,uturoa,-16.7333,-151.4333,27.03,91,100,9.53,PF,1707164593
63,colgong,25.2667,87.2167,14.9,95,0,1.42,IN,1707164593
64,utrik,11.2278,169.8474,26.43,82,20,8.9,MH,1707164593
65,olyokminsk,60.3736,120.4264,-27.32,98,91,0.82,RU,1707164593
66,arroyo,41.6096,-4.7969,11.79,74,0,1.03,ES,1707164594
67,kingston,17.997,-76.7936,28.53,86,75,5.14,JM,1707164594
68,naze,28.3667,129.4833,15.51,70,4,7.39,JP,1707164594
69,khandyga,62.6667,135.6,-43.37,100,62,1.01,RU,1707164594
70,catriel,-37.8791,-67.7956,35.1,13,97,1.53,AR,1707164595
71,olonkinbyen,70.9221,-8.7187,-2.11,85,90,6.66,SJ,1707164513
72,cill airne,52.05,-9.5167,11.38,79,100,6.28,IE,1707164465
73,baile herculane,44.8797,22.4125,10.44,71,36,6.48,RO,1707164595
74,bilibino,68.0546,166.4372,-35.36,100,99,0.42,RU,1707164596
75,hamilton,39.1834,-84.5333,13.21,42,0,5.14,US,1707164308
76,bopolu,7.0667,-10.4875,26.52,72,0,2.53,LR,1707164596
77,badger,64.8,-147.5333,-20.36,74,20,1.54,US,1707164597
78,nova xavantina,-14.6667,-52.35,23.04,95,100,1.46,BR,1707164597
79,cotonou,6.3654,2.4183,28.99,58,41,2.06,BJ,1707164597
80,carnarvon,-24.8667,113.6333,27.54,35,11,8.53,AU,1707164598
81,arraial do cabo,-22.9661,-42.0278,28.92,74,40,7.72,BR,1707164598
82,cabo san lucas,22.8909,-109.9124,30.61,53,20,4.63,MX,1707164457
83,palu,-0.8917,119.8707,23.82,95,100,0.85,ID,1707164598
84,bechar,31.6167,-2.2167,13.18,33,0,1.03,DZ,1707164599
85,nieuw amsterdam,5.8833,-55.0833,29.09,74,40,3.09,SR,1707164516
86,wailua homesteads,22.0669,-159.378,25.24,69,75,9.26,US,1707164594
87,hadibu,12.65,54.0333,24.87,75,3,3.69,YE,1707164599
88,ust-nera,64.5667,143.2,-27.52,85,100,0.53,RU,1707164534
89,sisimiut,66.9395,-53.6735,-18.6,76,2,6.09,GL,1707164590
90,fale old settlement,-9.3852,-171.2468,29.36,77,95,10.48,TK,1707164600
91,kungur,57.4368,56.9593,-3.27,92,99,4.79,RU,1707164600
92,napier,-39.4833,176.9167,19.6,76,0,1.79,NZ,1707164600
93,san luis de la loma,17.2706,-100.8939,29.14,58,0,4.25,MX,1707164601
94,lihue,21.9789,-159.3672,25.58,69,75,9.26,US,1707164601
95,bredasdorp,-34.5322,20.0403,22.29,73,0,2.51,ZA,1707164601
96,port isabel,26.0734,-97.2086,23.02,43,0,8.23,US,1707164601
97,porto novo,6.4965,2.6036,28.9,66,48,2.33,BJ,1707164602
98,fort st. john,56.2499,-120.8529,-8.06,73,75,1.03,CA,1707164602
99,papao,-17.75,-149.55,28.82,86,100,9.43,PF,1707164602
100,iskateley,67.6803,53.1512,-18.88,97,100,1.79,RU,1707164602
101,albany,42.6001,-73.9662,4.49,42,2,1.79,US,1707164603
102,kapa'a,22.0752,-159.319,25.99,69,75,9.26,US,1707164385
103,georgetown,5.4112,100.3354,27.96,81,20,1.03,MY,1707164603
104,hermanus,-34.4187,19.2345,19.89,85,1,2.72,ZA,1707164603
105,tura,25.5198,90.2201,16.32,56,100,0.2,IN,1707164603
106,progreso,21.2833,-89.6667,27.06,42,0,11.76,MX,1707164604
107,pimenta bueno,-11.6725,-61.1936,29.72,65,100,0.35,BR,1707164604
108,mahina,-17.5065,-149.489,28.87,74,100,5.14,PF,1707164604
109,mar del plata,-38.0023,-57.5575,23.07,76,0,10.73,AR,1707164605
110,nemuro,43.3236,145.575,-7.3,76,99,6.01,JP,1707164338
111,castelo do piaui,-5.3222,-41.5525,37.34,20,100,3.94,BR,1707164605
112,yakeshi,49.2833,120.7333,-28.93,99,44,0.77,CN,1707164605
113,claremont,34.0967,-117.7198,13.05,92,100,3.6,US,1707164606
114,zhigalovo,54.8097,105.1578,-15.7,97,100,0.64,RU,1707164596
115,kerema,-7.9631,145.7785,25.42,84,99,1.65,PG,1707164606
116,belmonte,-15.8631,-38.8828,27.59,75,39,3.27,BR,1707164606
117,nizhnyaya omka,55.4338,74.9426,-3.77,92,97,7.14,RU,1707164606
118,hobyo,5.3505,48.5268,26.24,79,97,6.8,SO,1707164607
119,aykhal,66.0,111.5,-21.71,100,100,2.47,RU,1707164607
120,viedma,-40.8135,-62.9967,36.82,17,50,5.17,AR,1707164607
121,ankang,32.68,109.0172,1.47,73,100,1.52,CN,1707164607
122,alegrete,-29.7831,-55.7919,33.23,51,100,4.05,BR,1707164608
123,kalininskaya,45.4822,38.6628,6.8,81,100,11.54,RU,1707164608
124,avarua,-21.2078,-159.775,29.03,84,75,6.69,CK,1707164608
125,faya-largeau,17.9257,19.1043,18.54,23,66,10.39,TD,1707164608
126,lorengau,-2.0226,147.2712,27.39,82,100,3.75,PG,1707164608
127,klyuchi,52.2667,79.1667,-8.17,87,71,4.6,RU,1707164609
128,constantia,44.1833,28.65,12.61,74,55,6.17,RO,1707164603
129,kayangel,8.0823,134.7173,27.61,84,100,9.56,PW,1707164609
130,kerikeri,-35.2268,173.9474,18.28,89,3,0.93,NZ,1707164609
131,freeport,40.6576,-73.5832,8.33,39,0,4.63,US,1707164610
132,pisco,-13.7,-76.2167,30.03,58,0,7.2,PE,1707164517
133,tolanaro,-25.0319,46.9987,24.04,88,75,9.26,MG,1707164610
134,beyneu,45.3167,55.2,5.04,66,99,5.65,KZ,1707164610
135,pielavesi,63.2333,26.75,-10.65,94,100,2.74,FI,1707164598
136,remire-montjoly,4.9167,-52.2667,30.02,74,75,6.69,GF,1707164560
137,barra de santo antonio,-9.4047,-35.5072,29.6,71,45,4.24,BR,1707164611
138,nampula,-15.1165,39.2666,22.97,100,75,3.09,MZ,1707164611
139,narrabri,-30.3167,149.7833,27.51,64,84,2.68,AU,1707164611
140,canton,23.1167,113.25,13.82,75,100,2.88,CN,1707164612
141,portland,45.5234,-122.6762,9.47,92,100,2.06,US,1707164183
142,banff,51.1762,-115.5698,-2.79,80,91,1.54,CA,1707164612
143,galle,6.0367,80.217,23.79,91,99,3.47,LK,1707164612
144,chebba,35.2372,11.115,16.21,59,0,3.04,TN,1707164613
145,abepura,-2.6333,140.5833,24.45,100,20,0.51,ID,1707164613
146,marinhas,41.5591,-8.783,14.02,85,100,0.98,PT,1707164613
147,keflavik,64.0049,-22.5624,-6.05,73,40,10.29,IS,1707164613
148,vernon,50.2581,-119.2691,2.09,80,100,0.51,CA,1707164613
149,east london,-33.0153,27.9116,24.13,88,0,3.76,ZA,1707164614
150,howard springs,-12.497,131.047,27.95,90,84,2.78,AU,1707164614
151,onega,63.9061,38.1404,-22.57,98,99,2.04,RU,1707164614
152,nar'yan-mar,67.6713,53.087,-18.83,97,100,1.79,RU,1707164614
153,'alaqahdari dishu,30.4374,63.313,11.01,21,0,3.42,AF,1707164614
154,mili,6.0815,171.735,27.43,71,87,8.44,MH,1707164615
155,atafu village,-8.5421,-172.5159,28.66,80,100,11.15,TK,1707164615
156,bayanaul,50.7889,75.6956,-7.72,80,98,4.21,KZ,1707164615
157,brezoi,45.338,24.2486,7.97,82,40,3.04,RO,1707164616
158,nha trang,12.25,109.1833,23.0,93,84,2.61,VN,1707164616
159,barrouallie,13.2333,-61.2667,26.79,83,40,2.57,VC,1707164616
160,saldanha,-33.0117,17.9442,21.03,94,50,2.21,ZA,1707164511
161,ribeira grande,38.5167,-28.7,17.65,94,75,6.69,PT,1707164617
162,port alfred,-33.5906,26.891,21.77,97,4,1.88,ZA,1707164617
163,yerofey pavlovich,53.9667,121.9667,-25.68,96,5,1.61,RU,1707164617
164,quibala,-10.7337,14.98,17.97,97,44,0.9,AO,1707164617
165,antigua,14.5611,-90.7344,27.6,50,41,2.27,GT,1707164618
166,sainte-anne-des-monts,49.124,-66.4924,-2.07,69,100,8.75,CA,1707164618
167,gilgit,35.9221,74.3087,-5.51,70,17,1.54,PK,1707164618
168,susuman,62.7833,148.1667,-28.9,89,100,1.34,RU,1707164618
169,luderitz,-26.6481,15.1594,19.68,86,0,4.89,NA,1707164618
170,hithadhoo,-0.6,73.0833,28.35,75,100,3.29,MV,1707164619
171,praia da vitoria,38.7333,-27.0667,18.75,94,40,8.21,PT,1707164619
172,zaozersk,69.4005,32.4476,-18.58,99,85,1.2,RU,1707164619
173,manokwari,-0.8667,134.0833,25.75,83,100,2.8,ID,1707164330
174,pemba,-12.974,40.5178,27.2,84,100,3.78,MZ,1707164620
175,punta arenas,-53.15,-70.9167,14.06,44,20,14.4,CL,1707164522
176,matoury,4.8483,-52.3317,29.98,74,75,6.69,GF,1707164620
177,ruse,43.8564,25.9708,12.74,63,9,9.33,BG,1707164621
178,bodaybo,57.8506,114.1933,-14.08,93,100,0.79,RU,1707164563
179,carmo do paranaiba,-19.0008,-46.3161,21.53,86,98,2.62,BR,1707164621
180,galliano,29.4422,-90.2992,14.44,78,100,8.6,US,1707164621
181,margaret river,-33.95,115.0667,12.11,90,90,3.92,AU,1707164497
182,champerico,14.3,-91.9167,34.3,61,4,6.06,GT,1707164622
183,sines,37.9562,-8.8698,15.16,83,100,0.89,PT,1707164622
184,bayanhongor,46.7167,100.1167,-26.47,79,13,1.9,MN,1707164622
185,margate,51.3813,1.3862,10.62,79,100,6.26,GB,1707164622
186,monticello,45.3055,-93.7941,8.97,74,0,2.57,US,1707164337
187,marsh harbour,26.5412,-77.0636,23.3,62,98,6.15,BS,1707164623
188,nabire,-3.3667,135.4833,24.27,93,98,1.7,ID,1707164623
189,kiunga,-6.1219,141.2906,23.18,99,100,0.92,PG,1707164623
190,chernyshevskiy,63.0128,112.4714,-20.15,99,100,1.04,RU,1707164623
191,whitehorse,60.7161,-135.0538,-21.57,77,75,2.57,CA,1707164623
192,puerto baquerizo moreno,-0.9,-89.6,29.55,70,40,6.69,EC,1707164624
193,malvan,16.0667,73.4667,25.25,63,0,4.34,IN,1707164561
194,tiksi,71.6872,128.8694,-33.37,98,51,1.22,RU,1707164624
195,tshabong,-26.05,22.45,31.06,21,0,3.71,BW,1707164624
196,christchurch,-43.5333,172.6333,21.93,49,100,3.09,NZ,1707164467
197,macaubas,-13.0194,-42.6986,27.25,52,100,1.64,BR,1707164625
198,olinda,-8.0089,-34.8553,29.85,66,40,4.63,BR,1707164625
199,pandan,14.0453,124.1694,25.18,88,75,5.24,PH,1707164625
200,ulladulla,-35.35,150.4667,20.2,97,100,3.24,AU,1707164625
201,kone,-21.0595,164.8658,25.2,98,100,2.31,NC,1707164626
202,carutapera,-1.195,-46.02,28.17,77,24,4.01,BR,1707164626
203,coquimbo,-29.9533,-71.3436,21.85,73,20,6.17,CL,1707164626
204,udachny,66.4167,112.4,-22.53,76,100,2.18,RU,1707164626
205,bikenibeu village,1.3673,173.1241,28.98,84,75,5.14,KI,1707164626
206,sitka,57.0531,-135.33,2.94,93,75,0.0,US,1707164627
207,sinabang,2.4803,96.3801,26.95,81,100,1.29,ID,1707164627
208,aasiaat,68.7098,-52.8699,-30.2,88,16,3.43,GL,1707164627
209,hede,33.7681,120.2517,-2.26,83,60,3.35,CN,1707164627
210,genas,45.7322,4.9994,8.19,91,100,3.09,FR,1707164627
211,la passe,45.5549,-0.8967,7.13,84,100,1.33,FR,1707164628
212,zyryanskoye,56.8306,86.6258,-8.4,94,92,4.02,RU,1707164628
213,puerto san jose,13.9256,-90.8244,30.71,55,1,6.79,GT,1707164628
214,juneau,58.3019,-134.4197,2.45,100,75,0.0,US,1707164628
215,brookings,44.3114,-96.7984,7.43,82,0,6.17,US,1707164579
216,mungwi,-10.1732,31.3694,17.87,97,100,1.52,ZM,1707164629
217,port mathurin,-19.6833,63.4167,26.01,68,39,7.36,MU,1707164629
218,victoria,22.2855,114.1577,20.21,88,100,5.36,HK,1707164572
219,opuwo,-18.0607,13.84,21.77,87,100,1.03,NA,1707164524
220,east ballina,-28.8667,153.5833,24.33,86,90,3.12,AU,1707164630
221,codrington,-38.2667,141.9667,12.44,72,2,3.12,AU,1707164630
222,tambura,5.6,27.4667,27.16,31,92,2.39,SS,1707164630
223,broken hill,-31.95,141.4333,14.42,54,0,9.79,AU,1707164630
224,frontera,26.9333,-101.45,19.38,28,0,2.68,MX,1707164631
225,centerville,39.6284,-84.1594,12.26,57,0,4.12,US,1707164443
226,kajaani,64.2273,27.7285,-9.97,79,100,4.12,FI,1707164631
227,obock,12.25,43.0833,20.73,72,3,1.61,DJ,1707164631
228,sarajevo,43.8486,18.3564,0.95,93,9,1.54,BA,1707164631
229,mil'kovo,55.6078,37.7956,-3.65,77,100,2.78,RU,1707164632
230,boende,-0.2167,20.8667,23.52,79,85,1.26,CD,1707164632
231,college,64.8569,-147.8028,-20.31,74,20,1.54,US,1707164592
232,carupano,10.6678,-63.2585,32.12,54,34,6.05,VE,1707164632
233,ancud,-41.8697,-73.8203,17.54,77,74,6.0,CL,1707164632
234,la'ie,21.6477,-157.9253,25.98,70,45,6.26,US,1707164633
235,shalkar,47.8288,59.6258,-0.03,90,100,5.22,KZ,1707164633
236,rio grande,-32.035,-52.0986,28.06,78,54,5.03,BR,1707164592
237,saint-louis,16.3333,-15.0,27.93,8,51,4.87,SN,1707164633
238,saipan,15.1355,145.701,26.39,65,100,5.14,MP,1707164477
239,ulety,51.3572,112.4849,-21.68,99,12,1.27,RU,1707164634
240,sabana de la mar,19.0593,-69.3884,30.99,74,75,3.09,DO,1707164634
241,mana,5.6592,-53.7767,28.36,75,100,4.98,GF,1707164634
242,huicungo,-7.2833,-76.8,32.26,49,74,1.02,PE,1707164634
243,general villegas,-35.0328,-63.0125,40.66,19,16,4.55,AR,1707164634
244,puerto aysen,-45.4,-72.7,20.76,42,5,3.31,CL,1707164635
245,freetown,8.484,-13.2299,28.84,74,0,4.12,SL,1707164635
246,polyarnyy,69.1989,33.4478,-19.19,100,96,2.89,RU,1707164635
247,tyukhtet,56.5389,89.3011,-8.9,93,93,2.98,RU,1707164635
248,tsiombe,-25.3,45.4833,22.89,92,100,5.18,MG,1707164586
249,saquarema,-22.92,-42.5103,29.02,84,57,2.69,BR,1707164636
250,uniao da vitoria,-26.23,-51.0864,28.0,47,98,2.25,BR,1707164434
251,sretensk,52.2453,117.7093,-29.92,100,53,0.44,RU,1707164636
252,mont-dore,-22.2833,166.5833,27.78,99,100,5.44,NC,1707164636
253,bradford-on-avon,51.3477,-2.2506,11.94,84,100,8.4,GB,1707164637
254,soroti,1.7146,33.6111,23.59,55,10,1.4,UG,1707164637
255,prince rupert,54.3161,-130.3201,2.83,87,0,2.57,CA,1707164637
256,seeb,23.6703,58.1891,22.05,40,0,2.57,OM,1707164637
257,st. john's,47.5649,-52.7093,1.75,97,100,6.71,CA,1707164638
258,port saint john's,-31.6229,29.5448,23.66,92,0,4.14,ZA,1707164593
259,kapuskasing,49.4169,-82.4331,-2.95,100,100,2.06,CA,1707164503
260,filingue,14.3521,3.3168,23.35,14,98,5.26,NE,1707164638
261,sirsi,14.6167,74.85,21.91,42,0,1.62,IN,1707164638
262,mamuju,-2.6748,118.8885,25.46,84,100,2.11,ID,1707164638
263,aberdeen,57.1437,-2.0981,5.27,100,100,2.57,GB,1707164642
264,bereznik,62.8551,42.7072,-18.69,97,94,2.05,RU,1707164642
265,dhalie,13.6957,44.7314,15.71,85,21,1.02,YE,1707164642
266,humberto de campos,-2.5983,-43.4611,29.78,64,54,3.88,BR,1707164643
267,laramie,41.3114,-105.5911,8.21,36,20,4.86,US,1707164643
268,deqing,30.5448,119.9599,0.45,83,100,1.0,CN,1707164643
269,siwa oasis,29.2041,25.5195,14.26,49,0,3.39,EG,1707164644
270,ouarzazat,30.9189,-6.8934,13.16,22,0,0.51,MA,1707164644
271,pacific grove,36.6177,-121.9166,13.9,85,75,3.09,US,1707164591
272,yuzhno-kurilsk,44.0306,145.8556,-5.9,60,50,8.12,RU,1707164644
273,zakamensk,50.3741,103.2863,-21.36,99,63,1.59,RU,1707164644
274,dudinka,69.4058,86.1778,-21.85,95,94,2.24,RU,1707164645
275,newman,37.3138,-121.0208,16.27,85,100,2.68,US,1707164645
276,fada,9.5667,8.3,22.77,17,15,3.98,NG,1707164645
277,kashgar,39.4547,75.9797,-2.44,74,75,1.0,CN,1707164645
278,mildura,-34.2,142.15,13.37,61,0,7.47,AU,1707164646
279,jamestown,42.097,-79.2353,0.85,85,100,4.12,US,1707164398
280,alghero,40.5589,8.3181,12.05,100,20,0.51,IT,1707164646
281,turpan,42.9333,89.1667,-0.2,48,4,0.88,CN,1707164646
282,williamsburg,37.2707,-76.7075,12.88,41,0,3.09,US,1707164647
283,morwa,22.9,73.8333,20.27,55,9,1.41,IN,1707164647
284,vilyuchinsk,52.9306,158.4028,-10.85,79,75,4.24,RU,1707164647
285,colonia,50.9333,6.95,9.98,74,75,3.6,DE,1707164647
286,ketchikan,55.3422,-131.6461,4.08,81,40,5.14,US,1707164517
287,kempsey,-31.0833,152.8333,22.19,94,100,1.6,AU,1707164648
288,kaihua,23.3687,104.28,12.41,95,40,2.93,CN,1707164648
289,volchikha,52.0333,80.3833,-8.34,88,49,4.47,RU,1707164648
290,sikka,22.4333,69.8333,21.82,83,12,3.38,IN,1707164649
291,maych'ew,12.7875,39.5422,12.56,87,69,2.5,ET,1707164649
292,severo-yeniseyskiy,60.3725,93.0408,-11.35,93,68,3.13,RU,1707164649
293,san julian,21.0167,-102.1667,22.1,10,0,4.14,MX,1707164649
294,kayes,14.0,-11.0,30.88,10,0,3.3,ML,1707164650
295,gisborne,-38.6533,178.0042,20.19,59,0,2.31,NZ,1707164650
296,oranjemund,-28.55,16.4333,20.17,82,2,4.04,NA,1707164650
297,saint-philippe,-21.3585,55.7679,21.77,77,82,4.31,RE,1707164598
298,scarperia,43.992,11.3538,11.74,87,85,2.48,IT,1707164651
299,abancay,-13.6339,-72.8814,21.02,62,94,3.3,PE,1707164651
300,ad dabbah,18.05,30.95,17.43,15,92,6.51,SD,1707164651
301,pierre,44.3683,-100.351,5.48,88,100,5.66,US,1707164652
302,asbury,42.5144,-90.7515,9.68,45,0,3.09,US,1707164656
303,sundsvall,62.3913,17.3063,-13.02,92,44,3.09,SE,1707164656
304,hoa binh,20.8133,105.3383,22.48,90,99,1.23,VN,1707164656
305,port lincoln,-34.7333,135.8667,14.55,67,0,4.61,AU,1707164657
306,paredon,16.0333,-93.8667,33.99,31,0,6.27,MX,1707164657
307,nova sintra,14.8667,-24.7167,21.28,68,0,5.74,CV,1707164657
308,al ghayzah,16.2079,52.176,23.57,62,2,2.48,YE,1707164583
309,haiku-pauwela,20.9219,-156.3051,23.47,65,20,8.23,US,1707164658
310,san pedro pochutla,15.7333,-96.4667,29.84,57,36,4.37,MX,1707164658
311,koulamoutou,-1.1303,12.4736,25.41,80,99,1.12,GA,1707164658
312,elliot lake,46.3834,-82.6331,1.88,74,99,1.63,CA,1707164381
313,bel ombre,-4.6167,55.4167,27.91,78,20,2.06,SC,1707164658
314,puerto armuelles,8.2833,-82.8667,31.99,57,4,4.47,PA,1707164659
315,whistler,50.1164,-122.9695,5.39,60,75,1.03,CA,1707164659
316,tazovsky,67.4667,78.7,-25.02,100,53,3.72,RU,1707164511
317,kailua-kona,19.6406,-155.9956,26.39,71,0,4.63,US,1707164659
318,tual,-5.6667,132.75,28.76,74,100,7.88,ID,1707164660
319,katsuren-haebaru,26.3369,127.8719,17.01,70,52,6.48,JP,1707164660
320,antofagasta,-23.65,-70.4,26.6,65,6,3.22,CL,1707164660
321,aldinga beach,-35.2793,138.4604,14.81,69,21,3.86,AU,1707164652
322,vadso,70.0744,29.7487,-4.91,80,75,1.54,NO,1707164660
323,crane,31.3974,-102.3501,13.85,42,2,2.81,US,1707164661
324,al burayqah,30.4062,19.5739,16.86,69,37,4.83,LY,1707164661
325,lebu,-37.6167,-73.65,20.02,73,100,3.55,CL,1707164661
326,laguna,38.421,-121.4238,15.07,81,75,6.69,US,1707164661
327,shenjiamen,29.9576,122.298,3.3,79,98,6.65,CN,1707164662
328,petawawa,45.9001,-77.3328,2.77,45,0,1.03,CA,1707164662
329,iwanai,42.9744,140.5089,-9.07,93,31,2.11,JP,1707164662
330,waingapu,-9.6567,120.2641,25.63,84,85,3.41,ID,1707164662
331,afaahiti,-17.75,-149.2833,27.93,93,100,9.57,PF,1707164663
332,kruisfontein,-34.0033,24.7314,19.94,86,0,1.11,ZA,1707164663
333,norilsk,69.3535,88.2027,-21.55,93,95,2.04,RU,1707164654
334,bergen,60.392,5.328,-1.74,93,0,1.54,NO,1707164663
335,nadym,65.5333,72.5167,-24.56,99,82,4.38,RU,1707164663
336,urangan,-25.3,152.9,24.55,96,20,2.68,AU,1707164664
337,ayorou,14.7308,0.9174,23.23,9,99,5.11,NE,1707164664
338,reggane,26.7158,0.1714,17.96,18,63,4.45,DZ,1707164664
339,tymovskoye,50.8456,142.655,-23.6,99,42,0.44,RU,1707164664
340,shibirghan,36.6676,65.7529,7.39,44,6,4.3,AF,1707164664
341,playa del carmen,20.6274,-87.0799,27.01,36,20,11.32,MX,1707164483
342,kamina,-8.7386,24.9906,18.04,93,95,1.47,CD,1707164665
343,arkhangel'sk,64.5401,40.5433,-21.6,76,0,1.0,RU,1707164441
344,aghajari,30.7006,49.8315,13.37,47,0,4.17,IR,1707164665
345,bady bassitt,-20.9181,-49.4453,31.11,35,40,1.54,BR,1707164666
346,nynashamn,58.9034,17.9479,-3.83,75,2,3.39,SE,1707164666
347,cannonvale,-20.2833,148.7,25.66,76,13,0.98,AU,1707164666
348,homa bay,-0.5273,34.4571,20.62,81,4,2.55,KE,1707164666
349,linxia chengguanzhen,35.6003,103.2064,-5.75,91,100,1.6,CN,1707164667
350,nuuk,64.1835,-51.7216,-12.66,78,75,6.17,GL,1707164667
351,nantucket,41.2835,-70.0995,3.38,55,20,10.29,US,1707164368
352,lazaro cardenas,17.9583,-102.2,28.45,60,1,4.59,MX,1707164667
353,pacocha,-17.5833,-71.3333,26.08,74,0,4.63,PE,1707164668
354,rongelap,11.1635,166.8941,26.42,82,86,9.03,MH,1707164668
355,choibalsan,48.0667,114.5,-24.35,95,54,3.07,MN,1707164668
356,daru,-9.0763,143.2092,25.87,90,100,2.92,PG,1707164668
357,westport,41.1415,-73.3579,7.9,37,0,4.63,US,1707164669
358,ponoka,52.6768,-113.5815,-5.07,79,100,2.91,CA,1707164669
359,elva,58.2225,26.4211,-1.92,86,100,5.66,EE,1707164669
360,muskogee,35.5834,-95.3336,17.2,47,0,5.66,US,1707164669
361,tuensang,26.2833,94.8333,9.31,95,41,1.13,IN,1707164670
362,arifwala,30.294,73.0735,10.4,51,7,1.86,PK,1707164670
363,namibe,-15.1961,12.1522,25.48,77,96,3.74,AO,1707164670
364,salinopolis,-0.6136,-47.3561,28.7,74,56,5.34,BR,1707164671
365,kemin,42.7846,75.6892,-1.73,61,95,2.6,KG,1707164671
366,the pas,53.8251,-101.2541,1.01,100,100,2.06,CA,1707164671
367,west bay,19.3667,-81.4167,29.04,51,20,8.75,KY,1707164671
368,labrador city,52.9463,-66.9114,-12.05,44,0,3.09,CA,1707164672
369,lompoc,34.6391,-120.4579,17.66,67,75,5.14,US,1707164645
370,goldsboro,35.3849,-77.9928,14.29,29,40,5.66,US,1707164477
371,aksu,41.1231,80.2644,-4.73,75,16,2.26,CN,1707164672
372,skowhegan,44.7651,-69.7192,0.54,62,70,5.58,US,1707164672
373,ndjole,-0.1783,10.7649,25.58,93,78,0.83,GA,1707164673
374,maues,-3.3836,-57.7186,30.26,66,100,1.6,BR,1707164673
375,tyup,42.7276,78.3648,-6.37,61,96,1.33,KG,1707164673
376,ramotswa,-24.8716,25.8699,26.79,35,26,0.83,BW,1707164673
377,sierra grande,-41.606,-65.3557,34.55,10,100,3.52,AR,1707164674
378,midvagur,62.0511,-7.1939,0.46,93,100,12.86,FO,1707164674
379,tejen,37.3834,60.5054,8.77,44,0,2.15,TM,1707164674
380,mankivka,49.5923,38.4048,-0.49,86,97,4.88,UA,1707164674
381,lautoka,-17.6167,177.4667,26.92,83,75,2.06,FJ,1707164675
382,zhanaozen,43.3,52.8,4.27,69,53,6.22,KZ,1707164675
383,leua,48.2156,18.6071,10.28,71,62,5.64,SK,1707164675
384,touros,-5.1989,-35.4608,28.87,71,32,6.25,BR,1707164675
385,berezovyy,51.6667,135.7,-23.2,96,6,1.2,RU,1707164676
386,mejit,10.2753,170.8646,26.47,82,100,7.97,MH,1707164676
387,bien unido,10.1373,124.3776,27.01,84,89,1.8,PH,1707164676
388,ouadda,8.0777,22.4007,24.28,23,10,3.44,CF,1707164676
389,porbandar,21.6422,69.6093,22.39,80,2,2.47,IN,1707164593
390,tazacorte,28.629,-17.9293,20.64,31,0,2.57,ES,1707164677
391,boa esperanca,-21.09,-45.5658,22.17,80,100,1.76,BR,1707164677
392,gordonvale,-17.0936,145.7842,26.06,100,70,1.4,AU,1707164585
393,erechim,-27.6342,-52.2739,27.26,65,100,2.93,BR,1707164678
394,al kharj,24.155,47.3346,15.32,39,100,4.68,SA,1707164678
395,yaroslavl,57.6299,39.8737,-7.11,93,40,2.0,RU,1707164678
396,makawao,20.8569,-156.3131,21.36,67,20,8.23,US,1707164679
397,mount gambier,-37.8333,140.7667,10.12,83,7,1.66,AU,1707164679
398,shinas,24.7433,56.4658,21.14,47,100,5.15,OM,1707164679
399,pavlogradka,54.2024,73.5592,-2.84,91,99,8.32,RU,1707164680
400,shchyolkino,45.4291,35.8223,5.31,80,70,15.07,UA,1707164680
401,ramshir,30.8946,49.4092,10.86,47,0,2.9,IR,1707164680
402,glace bay,46.1969,-59.957,1.03,97,100,4.02,CA,1707164680
403,sao jose do campestre,-6.3156,-35.7139,31.12,46,68,5.6,BR,1707164681
404,alta,69.9689,23.2717,-12.12,79,0,3.6,NO,1707164395
405,saguenay,48.4168,-71.0657,-3.84,64,40,4.63,CA,1707164488
406,mournies,35.4764,24.0092,14.91,72,20,8.23,GR,1707164681
407,vorgashor,67.5833,63.95,-24.1,99,31,2.46,RU,1707164682
408,twin falls,42.3505,-114.6445,10.19,54,20,7.72,US,1707164682
409,ocean city,39.2776,-74.5746,8.43,58,0,3.58,US,1707164569
410,zouerate,22.7187,-12.4521,20.03,13,1,4.46,MR,1707164682
411,aswan,24.0934,32.907,14.61,33,0,2.57,EG,1707164683
412,likiep,9.8251,169.3107,26.76,81,99,8.2,MH,1707164683
413,upington,-28.4478,21.2561,28.21,13,0,3.09,ZA,1707164683
414,buchanan,5.8808,-10.0467,27.3,85,38,3.19,LR,1707164683
415,karlskrona,56.1616,15.5866,2.25,77,100,4.37,SE,1707164684
416,lianzhou,24.7811,112.3825,5.36,94,100,1.59,CN,1707164684
417,kavaratti,10.5669,72.642,27.94,73,46,3.54,IN,1707164684
418,high rock,26.6208,-78.2833,16.01,55,100,4.08,BS,1707164684
419,pizarro,4.9533,-77.366,28.91,72,62,3.22,CO,1707164684
420,kannur,11.8675,75.3576,23.72,83,0,2.04,IN,1707164685
421,shahabad,27.65,79.95,12.3,93,18,3.03,IN,1707164685
422,bulawayo,-20.15,28.5833,22.44,54,3,3.16,ZW,1707164685
423,lampazos de naranjo,27.0167,-100.5167,20.63,29,0,5.82,MX,1707164686
424,keetmanshoop,-26.5833,18.1333,30.51,20,3,6.17,NA,1707164686
425,council bluffs,41.2619,-95.8608,10.92,56,75,3.6,US,1707164667
426,malpica,43.3228,-8.8105,12.43,80,100,0.61,ES,1707164686
427,happy valley-goose bay,53.3168,-60.3315,-9.83,73,75,1.03,CA,1707164687
428,kataysk,56.289,62.5841,-4.65,93,68,3.85,RU,1707164687
429,juan griego,11.0817,-63.9655,34.07,46,49,6.69,VE,1707164687
430,tomatlan,19.9333,-105.25,31.12,22,0,4.58,MX,1707164687
431,cheria,35.2731,7.7519,8.12,50,0,1.79,DZ,1707164688
432,niamey,13.5137,2.1098,25.16,9,100,4.63,NE,1707164607
433,new norfolk,-42.7826,147.0587,11.72,80,87,1.3,AU,1707164550
434,panjakent,39.4952,67.6093,1.46,48,78,4.57,TJ,1707164688
435,mahanoro,-19.9,48.8,24.94,81,100,2.81,MG,1707164689
436,ingeniero guillermo n. juarez,-23.9,-61.85,41.58,18,66,5.09,AR,1707164689
437,tobelo,1.7284,128.0095,25.54,86,100,2.77,ID,1707164689
438,riyadh,24.6877,46.7219,16.08,40,85,3.97,SA,1707164689
439,bei'an,24.5399,109.533,5.8,87,100,3.26,CN,1707164689
440,dakhla,23.6848,-15.958,22.01,43,18,6.69,EH,1707164690
441,moussoro,13.6408,16.4901,22.83,14,12,8.59,TD,1707164690
442,hlybokaye,55.1382,27.6879,-2.44,89,88,5.8,BY,1707164690
443,zyryanovsk,49.7386,84.2719,-16.29,95,92,0.8,KZ,1707164690
444,buka,40.8108,69.1986,5.59,40,100,1.78,UZ,1707164691
445,madagali,10.8902,13.6312,21.79,21,100,2.85,NG,1707164691
446,dwarka,22.2394,68.9678,22.61,82,3,3.12,IN,1707164691
447,santo antonio,-6.3106,-35.4789,30.23,54,46,6.67,BR,1707164691
448,poronaysk,49.2167,143.1167,-23.32,98,11,1.09,RU,1707164692
449,pansemal,21.65,74.7,22.58,59,2,1.58,IN,1707164692
450,jalai nur,49.45,117.7,-26.66,94,13,1.92,CN,1707164692
451,upata,8.0086,-62.3989,35.75,31,52,3.84,VE,1707164692
452,leh,34.1667,77.5833,-20.14,91,79,1.69,IN,1707164693
453,vallenar,-28.5708,-70.7581,22.55,37,1,4.4,CL,1707164693
454,richards bay,-28.783,32.0377,23.15,89,92,2.28,ZA,1707164693
455,batticaloa,7.7102,81.6924,25.65,77,57,3.67,LK,1707164693
456,peace river,56.2501,-117.286,-3.83,54,100,5.66,CA,1707164694
457,yekaterinoslavka,50.3734,129.1139,-24.45,99,100,1.54,RU,1707164694
458,acarau,-2.8856,-40.12,29.66,66,13,8.61,BR,1707164624
459,ushtobe,45.2514,77.9838,-7.48,85,99,2.23,KZ,1707164694
460,kelo,9.3086,15.8066,26.31,16,64,2.85,TD,1707164694
461,yaren,-0.5472,166.916,28.94,72,86,6.14,NR,1707164695
462,nago,26.5881,127.9761,15.81,70,13,5.83,JP,1707164695
463,fort mcmurray,56.7268,-111.381,-10.23,67,0,4.63,CA,1707164695
464,suva,-18.1416,178.4415,25.71,94,75,0.0,FJ,1707164413
465,gorontalo,0.5412,123.0595,23.46,95,100,1.52,ID,1707164695
466,loukhi,66.0764,33.0381,-17.85,99,100,3.11,RU,1707164696
467,tougan,13.0667,-3.0667,25.15,12,100,4.74,BF,1707164696
468,natal,-5.795,-35.2094,30.36,74,20,6.17,BR,1707164580
469,itoman,26.1247,127.6694,17.01,67,100,7.2,JP,1707164696
470,flying fish cove,-10.4217,105.6791,22.82,94,40,3.6,CX,1707164696
471,carbonear,47.7332,-53.2148,2.0,97,100,5.46,CA,1707164697
472,puerto leguizamo,-0.1934,-74.7819,23.02,98,100,1.04,CO,1707164697
473,phan rang-thap cham,11.5667,108.9833,21.32,89,67,2.19,VN,1707164697
474,hovd,48.0056,91.6419,-19.76,90,40,0.72,MN,1707164697
475,miyako,39.6367,141.9525,-0.3,72,100,3.16,JP,1707164698
476,bac giang,21.2667,106.2,21.04,89,100,2.02,VN,1707164698
477,loch garman,52.3342,-6.4575,11.05,100,100,8.05,IE,1707164698
478,al mawsil al jadidah,36.3346,43.0978,8.51,93,100,1.57,IQ,1707164698
479,umluj,25.0213,37.2685,19.1,52,7,5.0,SA,1707164699
480,medina,24.4686,39.6142,17.24,15,0,3.6,SA,1707164699
481,port blair,11.6667,92.75,23.02,94,1,0.0,IN,1707164699
482,at-bashi,41.1702,75.8106,-13.45,75,100,1.41,KG,1707164699
483,sao tome,0.3365,6.7273,27.71,78,99,1.66,ST,1707164699
484,la gi,10.6667,107.7833,23.12,89,52,4.22,VN,1707164700
485,bamboo flat,11.7,92.7167,23.05,94,1,0.0,IN,1707164700
486,chonchi,-42.6128,-73.8092,22.56,41,18,2.61,CL,1707164700
487,modimolle,-24.7,28.4,24.03,36,6,2.89,ZA,1707164700
488,jiaojiang,28.6803,121.4428,3.89,80,91,2.81,CN,1707164701
489,ibiza,38.9088,1.433,13.29,90,20,1.54,ES,1707164701
490,mount pearl,47.5166,-52.7813,1.29,97,100,6.17,CA,1707164701
491,holualoa,19.6228,-155.9522,24.32,71,0,4.63,US,1707164701
492,belyy yar,53.6039,91.3903,-14.06,85,96,0.0,RU,1707164702
493,magadan,59.5667,150.8,-21.92,75,100,4.09,RU,1707164702
494,ginir,7.1333,40.7,18.71,33,50,1.85,ET,1707164702
495,coahuayana de hidalgo,18.7,-103.6583,32.06,40,5,3.33,MX,1707164703
496,kankon,15.0167,74.0167,25.89,67,0,2.37,IN,1707164703
497,priozersk,61.0393,30.1291,-3.28,79,100,4.07,RU,1707164703
498,meadow lake,34.8014,-106.5436,13.87,28,95,2.23,US,1707164704
499,taulaga,-11.0553,-171.0883,28.98,79,99,10.48,AS,1707164704
500,kirensk,57.7853,108.1119,-7.24,94,100,4.47,RU,1707164705
501,great falls,47.5002,-111.3008,4.27,80,0,5.14,US,1707164645
502,port douglas,-16.4833,145.4667,26.13,83,92,1.51,AU,1707164705
503,rabaul,-4.1967,152.1721,26.92,78,96,1.67,PG,1707164706
504,at taj,24.2049,23.2857,11.42,49,0,5.05,LY,1707164706
505,jamaame,0.0697,42.745,26.38,85,94,5.12,SO,1707164706
506,tumpat,6.1978,102.171,24.99,94,20,0.0,MY,1707164706
507,tomah,43.9786,-90.504,12.73,50,0,0.0,US,1707164469
508,inhambane,-23.865,35.3833,25.08,86,2,3.26,MZ,1707164707
509,kismayo,-0.3582,42.5454,26.91,85,74,5.7,SO,1707164707
510,afif,23.9065,42.9172,13.94,20,94,3.35,SA,1707164707
511,kourou,5.1552,-52.6478,30.03,75,85,4.61,GF,1707164708
512,saint-francois,46.4154,3.9054,0.69,100,73,0.0,FR,1707164708
513,emerald,-23.5333,148.1667,22.41,86,45,4.02,AU,1707164708
514,sao jose da coroa grande,-8.8978,-35.1478,28.24,71,65,4.04,BR,1707164623
515,chaoyang,41.5703,120.4586,-9.29,59,64,0.99,CN,1707164708
516,slyudyanka,51.6594,103.7061,-14.74,90,99,1.78,RU,1707164709
517,berriane,32.8265,3.7669,12.45,35,3,2.88,DZ,1707164709
518,lata,40.1629,-8.3327,13.29,89,100,0.38,PT,1707164709
519,nurota,40.5614,65.6886,5.78,56,90,6.7,UZ,1707164710
520,kolpashevo,58.3131,82.9089,-6.05,86,100,5.81,RU,1707164710
521,quellon,-43.1167,-73.6167,18.64,63,41,4.29,CL,1707164710
522,capljina,43.1214,17.6844,5.08,89,26,0.82,BA,1707164711
523,revda,56.801,59.9303,-3.91,90,74,3.85,RU,1707164711
524,kattivakkam,13.2167,80.3167,25.05,78,0,2.35,IN,1707164711
525,namtsy,62.7161,129.6658,-42.92,100,70,0.25,RU,1707164711
526,korla,41.7597,86.1469,-5.16,74,10,1.75,CN,1707164712
527,el calafate,-50.3408,-72.2768,14.52,44,63,4.36,AR,1707164712
528,shovot,41.6607,60.2924,6.93,50,68,4.13,UZ,1707164712
529,saint-pierre,-21.3393,55.4781,21.82,68,0,2.57,RE,1707164713
530,malango,-2.9627,119.9001,20.26,95,100,1.13,ID,1707164713
531,sur,22.5667,59.5289,21.54,57,4,1.17,OM,1707164713
532,litchfield,41.7668,-73.2501,5.88,46,4,3.13,US,1707164464
533,lamu,-2.2717,40.902,27.39,80,96,5.87,KE,1707164714
534,kulhudhuffushi,6.6221,73.07,27.66,80,8,5.45,MV,1707164714
535,tadine,-21.55,167.8833,25.79,86,100,8.04,NC,1707164714
536,dmitrovsk-orlovskiy,52.505,35.1464,-5.67,91,98,4.86,RU,1707164715
537,kill devil hills,36.0307,-75.676,11.0,75,0,6.69,US,1707164715
538,nova vicosa,-17.8919,-39.3719,28.16,72,56,4.89,BR,1707164715
539,hibaiyo,10.2726,123.321,24.87,88,57,1.9,PH,1707164715
540,tatabanya,47.5849,18.3932,10.39,64,100,5.74,HU,1707164716
541,nagarpur,24.0533,89.874,17.69,74,8,2.82,BD,1707164716
542,colac,-38.3333,143.5833,10.46,85,0,1.62,AU,1707164468
543,conde,-7.2597,-34.9075,29.7,66,20,5.66,BR,1707164717
544,zhaqsy,51.9083,67.3133,-1.35,96,100,9.65,KZ,1707164717
545,illizi,26.4833,8.4667,12.89,32,0,4.6,DZ,1707164717
546,lionel town,17.8101,-77.2406,28.94,74,31,6.3,JM,1707164717
547,hammerfest,70.6634,23.6821,-8.75,79,0,2.57,NO,1707164717
548,luanda,-8.8368,13.2343,28.0,89,40,3.09,AO,1707164491
549,fukuecho,32.6881,128.8419,11.06,68,99,6.34,JP,1707164718
550,palmer,42.1584,-72.3287,5.78,25,0,10.8,US,1707164718
551,muroto-misakicho,33.2833,134.15,9.26,69,42,3.37,JP,1707164718
552,bangassou,4.7413,22.8184,24.74,33,48,1.4,CF,1707164719
553,tottori,35.5,134.2333,5.54,74,100,4.56,JP,1707164719
554,chegdomyn,51.1167,133.0167,-30.65,100,100,0.83,RU,1707164719
555,lerwick,60.1545,-1.1494,4.0,68,99,8.52,GB,1707164499
556,dromore,54.5167,-7.4667,9.84,83,100,6.27,GB,1707164719
557,guarapari,-20.6667,-40.4975,28.27,82,100,5.43,BR,1707164720
558,lagos,6.5833,3.75,29.18,60,88,1.86,NG,1707164023
559,san antonio de pale,-1.4014,5.6325,27.56,76,74,1.96,GQ,1707164720
560,namdrik,5.5994,168.1028,27.87,75,100,7.76,MH,1707164720
561,as sulayyil,20.4607,45.5779,18.14,34,100,4.08,SA,1707164721
562,palikir - national government center,6.9248,158.1611,26.45,74,100,7.36,FM,1707164721
563,krasnovishersk,60.4078,57.082,-10.77,95,100,3.18,RU,1707164721
564,altayskoye,51.9533,85.3325,-9.58,87,52,2.59,RU,1707164721
565,panacan,9.2463,118.4082,24.75,78,100,3.34,PH,1707164722
566,thanh hoa,19.8,105.7667,21.25,97,100,1.75,VN,1707164722
567,taro,-8.3862,115.28,24.0,94,40,0.63,ID,1707164722
568,dubbo,-32.25,148.6167,22.07,94,100,3.09,AU,1707164490
569,enewetak,11.3474,162.3373,26.42,74,97,9.2,MH,1707164722
570,mianyang,31.4593,104.7542,4.55,75,78,1.24,CN,1707164723
